created_at,id,id_str,full_text,truncated,display_text_range,entities,source,in_reply_to_status_id,in_reply_to_status_id_str,in_reply_to_user_id,in_reply_to_user_id_str,in_reply_to_screen_name,user_id,user_id_str,geo,coordinates,place,contributors,is_quote_status,retweet_count,favorite_count,conversation_id,conversation_id_str,favorited,retweeted,possibly_sensitive,possibly_sensitive_editable,lang,supplemental_language,,self_thread
2021-04-29 10:41:16+00:00,1387718621103726592,1387718621103726592,"Ted Cruz was roasted for appearing to nod off as Biden spoke. He blamed the president: ""Boring, but radical."" https://t.co/RiR7UyQZKC",False,"[0, 133]","{'hashtags': [], 'symbols': [], 'user_mentions': [], 'urls': [{'url': 'https://t.co/RiR7UyQZKC', 'expanded_url': 'https://wapo.st/3gIjCYy', 'display_url': 'wapo.st/3gIjCYy', 'indices': [110, 133]}]}","<a href=""http://www.socialflow.com"" rel=""nofollow"">SocialFlow</a>",,,,,,2467791,2467791,,,,,False,254,1776,1387718621103726593,1387718621103726592,False,False,False,True,en,
2021-04-23 19:44:36+00:00,1385681028342329344,1385681028342329344,"Under President Biden's tax plan, 13 states and D.C. would have a top combined capital gains tax rate at or above 50%:

56.7% CA
54.3% NY
54.2% NJ
53.3% OR
53.3% MN
52.4% DC
52.2% VT
50.7% HI
50.6% ME
50.4% CT
50.3% ID
50.2% NE
50.2% MT
50.0% DE

(58.2% NYC)
(57.3% Portland, OR) https://t.co/GfWgBZhlbs",False,"[0, 279]","{'hashtags': [], 'symbols': [], 'user_mentions': [], 'urls': [], 'media': [{'id': 1385680475088375814, 'id_str': '1385680475088375814', 'indices': [280, 303], 'media_url': 'http://pbs.twimg.com/media/EzrtDOnWUAYVgJL.jpg', 'media_url_https': 'https://pbs.twimg.com/media/EzrtDOnWUAYVgJL.jpg', 'url': 'https://t.co/GfWgBZhlbs', 'display_url': 'pic.twitter.com/GfWgBZhlbs', 'expanded_url': 'https://twitter.com/TaxFoundation/status/1385681028342329344/photo/1', 'type': 'photo', 'original_info': {'width': 1356, 'height': 1148, 'focus_rects': [{'x': 0, 'y': 0, 'h': 759, 'w': 1356}, {'x': 208, 'y': 0, 'h': 1148, 'w': 1148}, {'x': 344, 'y': 0, 'h': 1148, 'w': 1007}, {'x': 560, 'y': 0, 'h': 1148, 'w': 574}, {'x': 0, 'y': 0, 'h': 1148, 'w': 1356}]}, 'sizes': {'small': {'w': 680, 'h': 576, 'resize': 'fit'}, 'thumb': {'w': 150, 'h': 150, 'resize': 'crop'}, 'medium': {'w': 1200, 'h': 1016, 'resize': 'fit'}, 'large': {'w': 1356, 'h': 1148, 'resize': 'fit'}}}]}","{'media': [{'id': 1385680475088375814, 'id_str': '1385680475088375814', 'indices': [280, 303], 'media_url': 'http://pbs.twimg.com/media/EzrtDOnWUAYVgJL.jpg', 'media_url_https': 'https://pbs.twimg.com/media/EzrtDOnWUAYVgJL.jpg', 'url': 'https://t.co/GfWgBZhlbs', 'display_url': 'pic.twitter.com/GfWgBZhlbs', 'expanded_url': 'https://twitter.com/TaxFoundation/status/1385681028342329344/photo/1', 'type': 'photo', 'original_info': {'width': 1356, 'height': 1148, 'focus_rects': [{'x': 0, 'y': 0, 'h': 759, 'w': 1356}, {'x': 208, 'y': 0, 'h': 1148, 'w': 1148}, {'x': 344, 'y': 0, 'h': 1148, 'w': 1007}, {'x': 560, 'y': 0, 'h': 1148, 'w': 574}, {'x': 0, 'y': 0, 'h': 1148, 'w': 1356}]}, 'sizes': {'small': {'w': 680, 'h': 576, 'resize': 'fit'}, 'thumb': {'w': 150, 'h': 150, 'resize': 'crop'}, 'medium': {'w': 1200, 'h': 1016, 'resize': 'fit'}, 'large': {'w': 1356, 'h': 1148, 'resize': 'fit'}}, 'media_key': '3_1385680475088375814'}]}","<a href=""https://mobile.twitter.com"" rel=""nofollow"">Twitter Web App</a>",,,,,,16686673,16686673,,,,,False,706,772,1385681028342329344,1385681028342329344,False,False,False,True,en,,"{'id': 1385681028342329344, 'id_str': '1385681028342329344'}"
2021-04-23 14:33:49+00:00,1385602818296492032,1385602818296492032,"After Hugo Chavez took over Venezuela, he packed their Supreme Court.

What Democrats are trying to do now by packing the Supreme Court is fundamentally corrupt.

https://t.co/XzWMZJCHMv https://t.co/cQeUPuqAac",False,"[0, 186]","{'hashtags': [], 'symbols': [], 'user_mentions': [], 'urls': [{'url': 'https://t.co/XzWMZJCHMv', 'expanded_url': 'https://www.foxnews.com/politics/court-packing-venezuela-latin-america-reality', 'display_url': 'foxnews.com/politics/court‚Ä¶', 'indices': [163, 186]}], 'media': [{'id': 1385260768204136449, 'id_str': '1385260768204136449', 'indices': [187, 210], 'media_url': 'http://pbs.twimg.com/media/Ezlzea9XMAELYxs.jpg', 'media_url_https': 'https://pbs.twimg.com/media/Ezlzea9XMAELYxs.jpg', 'url': 'https://t.co/cQeUPuqAac', 'display_url': 'pic.twitter.com/cQeUPuqAac', 'expanded_url': 'https://twitter.com/tedcruz/status/1385602818296492041/video/1', 'type': 'photo', 'original_info': {'width': 1280, 'height': 720}, 'sizes': {'thumb': {'w': 150, 'h': 150, 'resize': 'crop'}, 'medium': {'w': 1200, 'h': 675, 'resize': 'fit'}, 'small': {'w': 680, 'h': 383, 'resize': 'fit'}, 'large': {'w': 1280, 'h': 720, 'resize': 'fit'}}}]}","{'media': [{'id': 1385260768204136449, 'id_str': '1385260768204136449', 'indices': [187, 210], 'media_url': 'http://pbs.twimg.com/media/Ezlzea9XMAELYxs.jpg', 'media_url_https': 'https://pbs.twimg.com/media/Ezlzea9XMAELYxs.jpg', 'url': 'https://t.co/cQeUPuqAac', 'display_url': 'pic.twitter.com/cQeUPuqAac', 'expanded_url': 'https://twitter.com/tedcruz/status/1385602818296492041/video/1', 'type': 'video', 'original_info': {'width': 1280, 'height': 720}, 'sizes': {'thumb': {'w': 150, 'h': 150, 'resize': 'crop'}, 'medium': {'w': 1200, 'h': 675, 'resize': 'fit'}, 'small': {'w': 680, 'h': 383, 'resize': 'fit'}, 'large': {'w': 1280, 'h': 720, 'resize': 'fit'}}, 'video_info': {'aspect_ratio': [16, 9], 'duration_millis': 185367, 'variants': [{'bitrate': 288000, 'content_type': 'video/mp4', 'url': 'https://video.twimg.com/amplify_video/1385260768204136449/vid/480x270/AVW77RdSmstC2QCK.mp4?tag=14'}, {'bitrate': 832000, 'content_type': 'video/mp4', 'url': 'https://video.twimg.com/amplify_video/1385260768204136449/vid/640x360/j1W2an9D9ragjuMl.mp4?tag=14'}, {'bitrate': 2176000, 'content_type': 'video/mp4', 'url': 'https://video.twimg.com/amplify_video/1385260768204136449/vid/1280x720/izPi2CvmxUWBZHri.mp4?tag=14'}, {'content_type': 'application/x-mpegURL', 'url': 'https://video.twimg.com/amplify_video/1385260768204136449/pl/ZRVqq_rdgbCVgIsT.m3u8?tag=14'}]}, 'media_key': '13_1385260768204136449', 'additional_media_info': {'title': '', 'description': '', 'embeddable': True, 'monetizable': False}}]}","<a href=""https://studio.twitter.com"" rel=""nofollow"">Twitter Media Studio</a>",,,,,,23022687,23022687,,,,,False,3695,12889,1385602818296492041,1385602818296492032,False,False,False,True,en,
2021-04-28 13:12:27+00:00,1387394279560159232,1387394279560159232,"Not sure I'd be using the words ""fleeing"" and ""Texas"" in the same sentence, Senator Cancun https://t.co/hgRsrN11vQ",False,"[0, 90]","{'hashtags': [], 'symbols': [], 'user_mentions': [], 'urls': [{'url': 'https://t.co/hgRsrN11vQ', 'expanded_url': 'https://twitter.com/tedcruz/status/1387390919012495362', 'display_url': 'twitter.com/tedcruz/status‚Ä¶', 'indices': [91, 114]}]}","<a href=""http://twitter.com/download/iphone"" rel=""nofollow"">Twitter for iPhone</a>",,,,,,158414847,158414847,,,,,True,1387390919012495362,1387390919012495360,"{'url': 'https://t.co/hgRsrN11vQ', 'expanded': 'https://twitter.com/tedcruz/status/1387390919012495362', 'display': 'twitter.com/tedcruz/status‚Ä¶'}",11843,95410,1387394279560159234,1387394279560159232,False,False,False,True,en,
2021-04-25 20:57:22+00:00,1386424116492730368,1386424116492730368,"Fauci tells CNN updated outdoor mask guidance likely very soon: ""The risk when you‚Äôre outdoors ‚Äì which we have been saying all along ‚Äì is extremely low. And if you are vaccinated, it‚Äôs even lower. So you‚Äôre going to be hearing about those kinds of recommendations soon.‚Äù",False,"[0, 270]","{'hashtags': [], 'symbols': [], 'user_mentions': [], 'urls': []}","<a href=""https://mobile.twitter.com"" rel=""nofollow"">Twitter Web App</a>",,,,,,22771961,22771961,,,,,False,1456,10420,1386424116492730377,1386424116492730368,False,False,en,
2021-04-21 18:57:24+00:00,1384944374434381824,1384944374434381824,"Newly unearthed emails from the @Columbia Archives obtained by @bidennoms show @KristenClarkeJD , Biden's pick to head the investigation of Minneapolis PD, sharing articles with her colleagues comparing the police to the KKK. 
https://t.co/2InrqQpb8d https://t.co/xli4BI9bCD",False,"[0, 250]","{'hashtags': [], 'symbols': [], 'user_mentions': [{'screen_name': 'Columbia', 'name': 'Columbia University', 'id': 248795646, 'id_str': '248795646', 'indices': [32, 41]}, {'screen_name': 'bidennoms', 'name': 'BidenNoms, A Project of AAF', 'id': 1352366499441336323, 'id_str': '1352366499441336323', 'indices': [63, 73]}, {'screen_name': 'KristenClarkeJD', 'name': 'Kristen Clarke', 'id': 84734907, 'id_str': '84734907', 'indices': [79, 95]}], 'urls': [{'url': 'https://t.co/2InrqQpb8d', 'expanded_url': 'http://wordpress.bidennoms.com/wp-content/uploads/2021/04/Box-19-Souls-Volume-II-Number-1-2000-Clarke-Police-KKK-.pdf', 'display_url': 'wordpress.bidennoms.com/wp-content/upl‚Ä¶', 'indices': [227, 250]}], 'media': [{'id': 1384943005946294272, 'id_str': '1384943005946294272', 'indices': [251, 274], 'media_url': 'http://pbs.twimg.com/media/EzhOU3-XMAAE9Tr.jpg', 'media_url_https': 'https://pbs.twimg.com/media/EzhOU3-XMAAE9Tr.jpg', 'url': 'https://t.co/xli4BI9bCD', 'display_url': 'pic.twitter.com/xli4BI9bCD', 'expanded_url': 'https://twitter.com/bidennoms/status/1384944374434381827/photo/1', 'type': 'photo', 'original_info': {'width': 1094, 'height': 794, 'focus_rects': [{'x': 0, 'y': 0, 'h': 613, 'w': 1094}, {'x': 0, 'y': 0, 'h': 794, 'w': 794}, {'x': 7, 'y': 0, 'h': 794, 'w': 696}, {'x': 157, 'y': 0, 'h': 794, 'w': 397}, {'x': 0, 'y': 0, 'h': 794, 'w': 1094}]}, 'sizes': {'thumb': {'w': 150, 'h': 150, 'resize': 'crop'}, 'small': {'w': 680, 'h': 494, 'resize': 'fit'}, 'medium': {'w': 1094, 'h': 794, 'resize': 'fit'}, 'large': {'w': 1094, 'h': 794, 'resize': 'fit'}}}]}","{'media': [{'id': 1384943005946294272, 'id_str': '1384943005946294272', 'indices': [251, 274], 'media_url': 'http://pbs.twimg.com/media/EzhOU3-XMAAE9Tr.jpg', 'media_url_https': 'https://pbs.twimg.com/media/EzhOU3-XMAAE9Tr.jpg', 'url': 'https://t.co/xli4BI9bCD', 'display_url': 'pic.twitter.com/xli4BI9bCD', 'expanded_url': 'https://twitter.com/bidennoms/status/1384944374434381827/photo/1', 'type': 'photo', 'original_info': {'width': 1094, 'height': 794, 'focus_rects': [{'x': 0, 'y': 0, 'h': 613, 'w': 1094}, {'x': 0, 'y': 0, 'h': 794, 'w': 794}, {'x': 7, 'y': 0, 'h': 794, 'w': 696}, {'x': 157, 'y': 0, 'h': 794, 'w': 397}, {'x': 0, 'y': 0, 'h': 794, 'w': 1094}]}, 'sizes': {'thumb': {'w': 150, 'h': 150, 'resize': 'crop'}, 'small': {'w': 680, 'h': 494, 'resize': 'fit'}, 'medium': {'w': 1094, 'h': 794, 'resize': 'fit'}, 'large': {'w': 1094, 'h': 794, 'resize': 'fit'}}, 'media_key': '3_1384943005946294272'}]}","<a href=""https://mobile.twitter.com"" rel=""nofollow"">Twitter Web App</a>",,,,,,1352366499441336323,1352366499441336320,,,,,False,393,553,1384944374434381827,1384944374434381824,False,False,False,True,en,
2021-05-03 05:30:26+00:00,1389089948461109248,1389089948461109248,She heard there was a crisis of millions of aliens coming illegally.... https://t.co/RuOP2BJDKD,False,"[0, 71]","{'hashtags': [], 'symbols': [], 'user_mentions': [], 'urls': [{'url': 'https://t.co/RuOP2BJDKD', 'expanded_url': 'https://twitter.com/cnnpolitics/status/1388594082184847363', 'display_url': 'twitter.com/cnnpolitics/st‚Ä¶', 'indices': [72, 95]}]}","<a href=""http://twitter.com/download/iphone"" rel=""nofollow"">Twitter for iPhone</a>",,,,,,23022687,23022687,,,,,True,1388594082184847363,1388594082184847360,"{'url': 'https://t.co/RuOP2BJDKD', 'expanded': 'https://twitter.com/cnnpolitics/status/1388594082184847363', 'display': 'twitter.com/cnnpolitics/st‚Ä¶'}",1844,13879,1389089948461109252,1389089948461109248,False,False,False,True,en,
2021-04-22 12:56:21+00:00,1385215902979854336,1385215902979854336,"4/x

Biden should also listen to 2005 Biden when he praised Democrats for standing up to FDR‚Äôs 1937 plan to pack the Supreme Court: ‚ÄúIn an act of great courage, Roosevelt‚Äôs own party stood up against this institutional power grab.‚Äù https://t.co/cJ9hQDOtRm",False,"[0, 231]","{'hashtags': [], 'symbols': [], 'user_mentions': [], 'urls': [], 'media': [{'id': 1385215825200693250, 'id_str': '1385215825200693250', 'indices': [232, 255], 'media_url': 'http://pbs.twimg.com/ext_tw_video_thumb/1385215825200693250/pu/img/b9IHWORZSjItYTWi.jpg', 'media_url_https': 'https://pbs.twimg.com/ext_tw_video_thumb/1385215825200693250/pu/img/b9IHWORZSjItYTWi.jpg', 'url': 'https://t.co/cJ9hQDOtRm', 'display_url': 'pic.twitter.com/cJ9hQDOtRm', 'expanded_url': 'https://twitter.com/tedcruz/status/1385215902979854337/video/1', 'type': 'photo', 'original_info': {'width': 768, 'height': 576}, 'sizes': {'thumb': {'w': 150, 'h': 150, 'resize': 'crop'}, 'medium': {'w': 768, 'h': 576, 'resize': 'fit'}, 'large': {'w': 768, 'h': 576, 'resize': 'fit'}, 'small': {'w': 680, 'h': 510, 'resize': 'fit'}}}]}","{'media': [{'id': 1385215825200693250, 'id_str': '1385215825200693250', 'indices': [232, 255], 'media_url': 'http://pbs.twimg.com/ext_tw_video_thumb/1385215825200693250/pu/img/b9IHWORZSjItYTWi.jpg', 'media_url_https': 'https://pbs.twimg.com/ext_tw_video_thumb/1385215825200693250/pu/img/b9IHWORZSjItYTWi.jpg', 'url': 'https://t.co/cJ9hQDOtRm', 'display_url': 'pic.twitter.com/cJ9hQDOtRm', 'expanded_url': 'https://twitter.com/tedcruz/status/1385215902979854337/video/1', 'type': 'video', 'original_info': {'width': 768, 'height': 576}, 'sizes': {'thumb': {'w': 150, 'h': 150, 'resize': 'crop'}, 'medium': {'w': 768, 'h': 576, 'resize': 'fit'}, 'large': {'w': 768, 'h': 576, 'resize': 'fit'}, 'small': {'w': 680, 'h': 510, 'resize': 'fit'}}, 'video_info': {'aspect_ratio': [4, 3], 'duration_millis': 135068, 'variants': [{'bitrate': 2176000, 'content_type': 'video/mp4', 'url': 'https://video.twimg.com/ext_tw_video/1385215825200693250/pu/vid/768x576/TheGZwEy7dfyF3bL.mp4?tag=12'}, {'bitrate': 832000, 'content_type': 'video/mp4', 'url': 'https://video.twimg.com/ext_tw_video/1385215825200693250/pu/vid/480x360/31PNXZQ8VDQdvFd8.mp4?tag=12'}, {'content_type': 'application/x-mpegURL', 'url': 'https://video.twimg.com/ext_tw_video/1385215825200693250/pu/pl/ejuSoMXEn14eRSs6.m3u8?tag=12&container=fmp4'}, {'bitrate': 256000, 'content_type': 'video/mp4', 'url': 'https://video.twimg.com/ext_tw_video/1385215825200693250/pu/vid/360x270/soLyBJ7-lAEDQbSz.mp4?tag=12'}]}, 'media_key': '7_1385215825200693250', 'additional_media_info': {'monetizable': False}}]}","<a href=""http://twitter.com/download/iphone"" rel=""nofollow"">Twitter for iPhone</a>",1385215812399603715,1385215812399603712,23022687,23022687,tedcruz,23022687,23022687,,,,,False,68,269,1385215809581113345,1385215809581113344,False,False,False,True,en,,"{'id': 1385215809581113345, 'id_str': '1385215809581113345'}"
2021-04-21 13:24:00+00:00,1384860469660356608,1384860469660356608,Exactly right.  https://t.co/CxgwmOZ1WO,False,"[0, 39]","{'hashtags': [], 'symbols': [], 'user_mentions': [], 'urls': [{'url': 'https://t.co/CxgwmOZ1WO', 'expanded_url': 'https://www.washingtontimes.com/news/2021/apr/20/colin-kahls-loose-lips-sink-ships/', 'display_url': 'washingtontimes.com/news/2021/apr/‚Ä¶', 'indices': [16, 39]}]}","<a href=""http://twitter.com/download/iphone"" rel=""nofollow"">Twitter for iPhone</a>",,,,,,23022687,23022687,,,,,False,116,617,1384860469660356611,1384860469660356608,False,False,False,True,en,
2021-04-30 01:36:00+00:00,1387943787113025536,1387943787113025536,"I‚Äôm fed up. If woke corporations declare themselves the enemies of free enterprise, the enemies of liberty, and if they fight the American people on behalf of the Radical Left, then I don't want their money. 

Enough is enough.
¬†
https://t.co/41NYphTBHh https://t.co/JsgfKjbbQ0",False,"[0, 253]","{'hashtags': [], 'symbols': [], 'user_mentions': [], 'urls': [{'url': 'https://t.co/41NYphTBHh', 'expanded_url': 'http://nowokemoney.com', 'display_url': 'nowokemoney.com', 'indices': [230, 253]}], 'media': [{'id': 1387882120505352197, 'id_str': '1387882120505352197', 'indices': [254, 277], 'media_url': 'http://pbs.twimg.com/amplify_video_thumb/1387882120505352197/img/-iAZ8e3crmITWQzL.jpg', 'media_url_https': 'https://pbs.twimg.com/amplify_video_thumb/1387882120505352197/img/-iAZ8e3crmITWQzL.jpg', 'url': 'https://t.co/JsgfKjbbQ0', 'display_url': 'pic.twitter.com/JsgfKjbbQ0', 'expanded_url': 'https://twitter.com/tedcruz/status/1387943787113025546/video/1', 'type': 'photo', 'original_info': {'width': 960, 'height': 540}, 'sizes': {'thumb': {'w': 150, 'h': 150, 'resize': 'crop'}, 'medium': {'w': 960, 'h': 540, 'resize': 'fit'}, 'small': {'w': 680, 'h': 383, 'resize': 'fit'}, 'large': {'w': 960, 'h': 540, 'resize': 'fit'}}}]}","{'media': [{'id': 1387882120505352197, 'id_str': '1387882120505352197', 'indices': [254, 277], 'media_url': 'http://pbs.twimg.com/amplify_video_thumb/1387882120505352197/img/-iAZ8e3crmITWQzL.jpg', 'media_url_https': 'https://pbs.twimg.com/amplify_video_thumb/1387882120505352197/img/-iAZ8e3crmITWQzL.jpg', 'url': 'https://t.co/JsgfKjbbQ0', 'display_url': 'pic.twitter.com/JsgfKjbbQ0', 'expanded_url': 'https://twitter.com/tedcruz/status/1387943787113025546/video/1', 'type': 'video', 'original_info': {'width': 960, 'height': 540}, 'sizes': {'thumb': {'w': 150, 'h': 150, 'resize': 'crop'}, 'medium': {'w': 960, 'h': 540, 'resize': 'fit'}, 'small': {'w': 680, 'h': 383, 'resize': 'fit'}, 'large': {'w': 960, 'h': 540, 'resize': 'fit'}}, 'video_info': {'aspect_ratio': [16, 9], 'duration_millis': 83684, 'variants': [{'content_type': 'application/x-mpegURL', 'url': 'https://video.twimg.com/amplify_video/1387882120505352197/pl/eA6o5ui5FovytIAS.m3u8?tag=14'}, {'bitrate': 832000, 'content_type': 'video/mp4', 'url': 'https://video.twimg.com/amplify_video/1387882120505352197/vid/640x360/Ly4bEaEdZatyupsy.mp4?tag=14'}, {'bitrate': 2176000, 'content_type': 'video/mp4', 'url': 'https://video.twimg.com/amplify_video/1387882120505352197/vid/960x540/clGZCSJXz9-FWMm5.mp4?tag=14'}, {'bitrate': 288000, 'content_type': 'video/mp4', 'url': 'https://video.twimg.com/amplify_video/1387882120505352197/vid/480x270/KMMAxOFpgsNfYPMP.mp4?tag=14'}]}, 'media_key': '13_1387882120505352197', 'additional_media_info': {'title': '', 'description': '', 'embeddable': True, 'monetizable': False}}]}","<a href=""https://studio.twitter.com"" rel=""nofollow"">Twitter Media Studio</a>",,,,,,23022687,23022687,,,,,False,542,3544,1387943787113025546,1387943787113025536,False,False,False,True,en,
2021-04-24 21:55:00+00:00,1386076231116808192,1386076231116808192,The ideology of the crazy left doesn't care that the policies they are pushing hurt working men and women in America. https://t.co/BZ7sERBWFB,False,"[0, 117]","{'hashtags': [], 'symbols': [], 'user_mentions': [], 'urls': [], 'media': [{'id': 1385993902377816068, 'id_str': '1385993902377816068', 'indices': [118, 141], 'media_url': 'http://pbs.twimg.com/amplify_video_thumb/1385993902377816068/img/vumGDpyVyfYCs4Fk.jpg', 'media_url_https': 'https://pbs.twimg.com/amplify_video_thumb/1385993902377816068/img/vumGDpyVyfYCs4Fk.jpg', 'url': 'https://t.co/BZ7sERBWFB', 'display_url': 'pic.twitter.com/BZ7sERBWFB', 'expanded_url': 'https://twitter.com/tedcruz/status/1386076231116808192/video/1', 'type': 'photo', 'original_info': {'width': 1280, 'height': 720}, 'sizes': {'thumb': {'w': 150, 'h': 150, 'resize': 'crop'}, 'medium': {'w': 1200, 'h': 675, 'resize': 'fit'}, 'small': {'w': 680, 'h': 383, 'resize': 'fit'}, 'large': {'w': 1280, 'h': 720, 'resize': 'fit'}}}]}","{'media': [{'id': 1385993902377816068, 'id_str': '1385993902377816068', 'indices': [118, 141], 'media_url': 'http://pbs.twimg.com/amplify_video_thumb/1385993902377816068/img/vumGDpyVyfYCs4Fk.jpg', 'media_url_https': 'https://pbs.twimg.com/amplify_video_thumb/1385993902377816068/img/vumGDpyVyfYCs4Fk.jpg', 'url': 'https://t.co/BZ7sERBWFB', 'display_url': 'pic.twitter.com/BZ7sERBWFB', 'expanded_url': 'https://twitter.com/tedcruz/status/1386076231116808192/video/1', 'type': 'video', 'original_info': {'width': 1280, 'height': 720}, 'sizes': {'thumb': {'w': 150, 'h': 150, 'resize': 'crop'}, 'medium': {'w': 1200, 'h': 675, 'resize': 'fit'}, 'small': {'w': 680, 'h': 383, 'resize': 'fit'}, 'large': {'w': 1280, 'h': 720, 'resize': 'fit'}}, 'video_info': {'aspect_ratio': [16, 9], 'duration_millis': 256389, 'variants': [{'bitrate': 832000, 'content_type': 'video/mp4', 'url': 'https://video.twimg.com/amplify_video/1385993902377816068/vid/640x360/MohmGpN5H57-kSV2.mp4?tag=14'}, {'bitrate': 2176000, 'content_type': 'video/mp4', 'url': 'https://video.twimg.com/amplify_video/1385993902377816068/vid/1280x720/d09N6EF105B9EbcP.mp4?tag=14'}, {'bitrate': 288000, 'content_type': 'video/mp4', 'url': 'https://video.twimg.com/amplify_video/1385993902377816068/vid/480x270/gdwz6mzrjx-P1_DG.mp4?tag=14'}, {'content_type': 'application/x-mpegURL', 'url': 'https://video.twimg.com/amplify_video/1385993902377816068/pl/VvlnApI4KhNLulW8.m3u8?tag=14'}]}, 'media_key': '13_1385993902377816068', 'additional_media_info': {'title': '', 'description': '', 'embeddable': True, 'monetizable': False}}]}","<a href=""https://studio.twitter.com"" rel=""nofollow"">Twitter Media Studio</a>",,,,,,23022687,23022687,,,,,False,425,2573,1386076231116808192,1386076231116808192,False,False,False,True,en,
2021-05-04 12:12:57+00:00,1389553631788163072,1389553631788163072,"NEW STUDY: @PolitiFact much more likely to ""fact check"" Biden critics than Biden. 
https://t.co/ytrS6KMSKN",False,"[0, 106]","{'hashtags': [], 'symbols': [], 'user_mentions': [{'screen_name': 'PolitiFact', 'name': 'PolitiFact', 'id': 8953122, 'id_str': '8953122', 'indices': [11, 22]}], 'urls': [{'url': 'https://t.co/ytrS6KMSKN', 'expanded_url': 'https://www.newsbusters.org/blogs/nb/tim-graham/2021/05/04/study-politifacts-8-times-likely-defend-biden-check-his-facts', 'display_url': 'newsbusters.org/blogs/nb/tim-g‚Ä¶', 'indices': [83, 106]}]}","<a href=""https://mobile.twitter.com"" rel=""nofollow"">Twitter Web App</a>",,,,,,45190383,45190383,,,,,False,398,859,1389553631788163082,1389553631788163072,False,False,False,True,en,
2021-04-22 20:27:26+00:00,1385329421708578816,1385329421708578816,Joe Biden‚Äôs decision to halt levee wall construction when he halted border wall construction has left hundreds of thousands of residents vulnerable in the Rio Grande Valley. https://t.co/gNJULHO3KF,False,"[0, 197]","{'hashtags': [], 'symbols': [], 'user_mentions': [], 'urls': [{'url': 'https://t.co/gNJULHO3KF', 'expanded_url': 'https://www.foxnews.com/politics/cruz-biden-texas-levee-that-protects-border-towns', 'display_url': 'foxnews.com/politics/cruz-‚Ä¶', 'indices': [174, 197]}]}","<a href=""http://twitter.com/download/iphone"" rel=""nofollow"">Twitter for iPhone</a>",,,,,,23022687,23022687,,,,,False,378,1560,1385329421708578823,1385329421708578816,False,False,False,True,en,
2021-04-22 20:40:28+00:00,1385332700035362816,1385332700035362816,One of my students came across Ted Cruz's anti-Court-packing press conference and naturally gave him hell ... https://t.co/XBbmY0QEM7,False,"[0, 109]","{'hashtags': [], 'symbols': [], 'user_mentions': [], 'urls': [{'url': 'https://t.co/XBbmY0QEM7', 'expanded_url': 'https://twitter.com/BillyBerns/status/1385317226107084800', 'display_url': 'twitter.com/BillyBerns/sta‚Ä¶', 'indices': [110, 133]}]}","<a href=""https://mobile.twitter.com"" rel=""nofollow"">Twitter Web App</a>",,,,,,4645368641,4645368641,,,,,True,1385317226107084800,1385317226107084800,"{'url': 'https://t.co/XBbmY0QEM7', 'expanded': 'https://twitter.com/BillyBerns/status/1385317226107084800', 'display': 'twitter.com/BillyBerns/sta‚Ä¶'}",138,812,1385332700035362816,1385332700035362816,False,False,False,True,en,,"{'id': 1385332700035362816, 'id_str': '1385332700035362816'}"
2021-05-03 16:58:56+00:00,1389263215914258432,1389263215914258432,Disneyland's Snow White ride attacked for 'kiss without her consent' https://t.co/yU30WSwHH8 https://t.co/3oLx6w6XFO,False,"[0, 92]","{'hashtags': [], 'symbols': [], 'user_mentions': [], 'urls': [{'url': 'https://t.co/yU30WSwHH8', 'expanded_url': 'https://trib.al/mLemz6I', 'display_url': 'trib.al/mLemz6I', 'indices': [69, 92]}], 'media': [{'id': 1389263214052102145, 'id_str': '1389263214052102145', 'indices': [93, 116], 'media_url': 'http://pbs.twimg.com/media/E0eniFUX0AEkRnt.jpg', 'media_url_https': 'https://pbs.twimg.com/media/E0eniFUX0AEkRnt.jpg', 'url': 'https://t.co/3oLx6w6XFO', 'display_url': 'pic.twitter.com/3oLx6w6XFO', 'expanded_url': 'https://twitter.com/nypost/status/1389263215914258433/photo/1', 'type': 'photo', 'original_info': {'width': 1200, 'height': 800, 'focus_rects': [{'x': 0, 'y': 0, 'h': 672, 'w': 1200}, {'x': 50, 'y': 0, 'h': 800, 'w': 800}, {'x': 99, 'y': 0, 'h': 800, 'w': 702}, {'x': 250, 'y': 0, 'h': 800, 'w': 400}, {'x': 0, 'y': 0, 'h': 800, 'w': 1200}]}, 'sizes': {'thumb': {'w': 150, 'h': 150, 'resize': 'crop'}, 'large': {'w': 1200, 'h': 800, 'resize': 'fit'}, 'medium': {'w': 1200, 'h': 800, 'resize': 'fit'}, 'small': {'w': 680, 'h': 453, 'resize': 'fit'}}}]}","{'media': [{'id': 1389263214052102145, 'id_str': '1389263214052102145', 'indices': [93, 116], 'media_url': 'http://pbs.twimg.com/media/E0eniFUX0AEkRnt.jpg', 'media_url_https': 'https://pbs.twimg.com/media/E0eniFUX0AEkRnt.jpg', 'url': 'https://t.co/3oLx6w6XFO', 'display_url': 'pic.twitter.com/3oLx6w6XFO', 'expanded_url': 'https://twitter.com/nypost/status/1389263215914258433/photo/1', 'type': 'photo', 'original_info': {'width': 1200, 'height': 800, 'focus_rects': [{'x': 0, 'y': 0, 'h': 672, 'w': 1200}, {'x': 50, 'y': 0, 'h': 800, 'w': 800}, {'x': 99, 'y': 0, 'h': 800, 'w': 702}, {'x': 250, 'y': 0, 'h': 800, 'w': 400}, {'x': 0, 'y': 0, 'h': 800, 'w': 1200}]}, 'sizes': {'thumb': {'w': 150, 'h': 150, 'resize': 'crop'}, 'large': {'w': 1200, 'h': 800, 'resize': 'fit'}, 'medium': {'w': 1200, 'h': 800, 'resize': 'fit'}, 'small': {'w': 680, 'h': 453, 'resize': 'fit'}}, 'media_key': '3_1389263214052102145'}]}","<a href=""http://www.socialflow.com"" rel=""nofollow"">SocialFlow</a>",,,,,,17469289,17469289,,,,,False,476,1284,1389263215914258433,1389263215914258432,False,False,False,True,en,
2021-05-03 21:38:25+00:00,1389333550009360384,1389333550009360384,Great news. https://t.co/ZqnIclh9Mk,False,"[0, 11]","{'hashtags': [], 'symbols': [], 'user_mentions': [], 'urls': [{'url': 'https://t.co/ZqnIclh9Mk', 'expanded_url': 'https://twitter.com/gregabbott_tx/status/1388991627608399879', 'display_url': 'twitter.com/gregabbott_tx/‚Ä¶', 'indices': [12, 35]}]}","<a href=""http://twitter.com/download/iphone"" rel=""nofollow"">Twitter for iPhone</a>",,,,,,23022687,23022687,,,,,True,1388991627608399879,1388991627608399872,"{'url': 'https://t.co/ZqnIclh9Mk', 'expanded': 'https://twitter.com/gregabbott_tx/status/1388991627608399879', 'display': 'twitter.com/gregabbott_tx/‚Ä¶'}",269,2778,1389333550009360388,1389333550009360384,False,False,False,True,en,
2021-05-02 00:41:00+00:00,1388654721515331584,1388654721515331584,Washington is corrupt ‚Äî there's a reason it's called the swamp. https://t.co/TGTEVSSjlC,False,"[0, 87]","{'hashtags': [], 'symbols': [], 'user_mentions': [], 'urls': [{'url': 'https://t.co/TGTEVSSjlC', 'expanded_url': 'https://www.foxnews.com/politics/ted-cruz-pac-donations-2024-biden-agenda-corporate-america', 'display_url': 'foxnews.com/politics/ted-c‚Ä¶', 'indices': [64, 87]}]}","<a href=""https://mobile.twitter.com"" rel=""nofollow"">Twitter Web App</a>",,,,,,23022687,23022687,,,,,False,776,5192,1388654721515331588,1388654721515331584,False,False,False,True,en,
2021-04-22 15:09:00+00:00,1385249283205648384,1385249283205648384,"üö® WATCH: North Carolina Lt. Gov. @MarkRobinsonNC lays out the truth on election integrity and voting rights. 

Democrats go berserk. Looking at you, @RepCohen. https://t.co/ojynp9PGoE",False,"[0, 159]","{'hashtags': [], 'symbols': [], 'user_mentions': [{'screen_name': 'markrobinsonNC', 'name': 'Mark Robinson', 'id': 237115815, 'id_str': '237115815', 'indices': [33, 48]}, {'screen_name': 'RepCohen', 'name': 'Steve Cohen', 'id': 162069635, 'id_str': '162069635', 'indices': [149, 158]}], 'urls': [], 'media': [{'id': 1385248383443554309, 'id_str': '1385248383443554309', 'indices': [160, 183], 'media_url': 'http://pbs.twimg.com/amplify_video_thumb/1385248383443554309/img/hgvpOrhO5uXaPGlQ.jpg', 'media_url_https': 'https://pbs.twimg.com/amplify_video_thumb/1385248383443554309/img/hgvpOrhO5uXaPGlQ.jpg', 'url': 'https://t.co/ojynp9PGoE', 'display_url': 'pic.twitter.com/ojynp9PGoE', 'expanded_url': 'https://twitter.com/JudiciaryGOP/status/1385249283205648387/video/1', 'type': 'photo', 'original_info': {'width': 1298, 'height': 720}, 'sizes': {'large': {'w': 1298, 'h': 720, 'resize': 'fit'}, 'thumb': {'w': 150, 'h': 150, 'resize': 'crop'}, 'small': {'w': 680, 'h': 377, 'resize': 'fit'}, 'medium': {'w': 1200, 'h': 666, 'resize': 'fit'}}}]}","{'media': [{'id': 1385248383443554309, 'id_str': '1385248383443554309', 'indices': [160, 183], 'media_url': 'http://pbs.twimg.com/amplify_video_thumb/1385248383443554309/img/hgvpOrhO5uXaPGlQ.jpg', 'media_url_https': 'https://pbs.twimg.com/amplify_video_thumb/1385248383443554309/img/hgvpOrhO5uXaPGlQ.jpg', 'url': 'https://t.co/ojynp9PGoE', 'display_url': 'pic.twitter.com/ojynp9PGoE', 'expanded_url': 'https://twitter.com/JudiciaryGOP/status/1385249283205648387/video/1', 'type': 'video', 'original_info': {'width': 1298, 'height': 720}, 'sizes': {'large': {'w': 1298, 'h': 720, 'resize': 'fit'}, 'thumb': {'w': 150, 'h': 150, 'resize': 'crop'}, 'small': {'w': 680, 'h': 377, 'resize': 'fit'}, 'medium': {'w': 1200, 'h': 666, 'resize': 'fit'}}, 'video_info': {'aspect_ratio': [649, 360], 'duration_millis': 172900, 'variants': [{'bitrate': 2176000, 'content_type': 'video/mp4', 'url': 'https://video.twimg.com/amplify_video/1385248383443554309/vid/1298x720/hrRTSPt5FWTKY9Vz.mp4?tag=14'}, {'bitrate': 832000, 'content_type': 'video/mp4', 'url': 'https://video.twimg.com/amplify_video/1385248383443554309/vid/648x360/fUwGwmeeRahGWKxP.mp4?tag=14'}, {'bitrate': 288000, 'content_type': 'video/mp4', 'url': 'https://video.twimg.com/amplify_video/1385248383443554309/vid/486x270/v5BQqBHGe7b19RGs.mp4?tag=14'}, {'content_type': 'application/x-mpegURL', 'url': 'https://video.twimg.com/amplify_video/1385248383443554309/pl/a-EoZI8px_7cospL.m3u8?tag=14'}]}, 'media_key': '13_1385248383443554309', 'additional_media_info': {'title': '', 'description': '', 'embeddable': True, 'monetizable': False}}]}","<a href=""https://studio.twitter.com"" rel=""nofollow"">Twitter Media Studio</a>",,,,,,1131917492,1131917492,,,,,False,2279,5593,1385249283205648387,1385249283205648384,False,False,False,True,en,
2021-05-03 21:44:23+00:00,1389335049414250496,1389335049414250496,"No, your job is not to ‚Äúuphold a rules-based order‚Äù with China.

Your job is to defend America. https://t.co/t7zUs0O2f9",False,"[0, 95]","{'hashtags': [], 'symbols': [], 'user_mentions': [], 'urls': [{'url': 'https://t.co/t7zUs0O2f9', 'expanded_url': 'https://twitter.com/60Minutes/status/1388993597442244608', 'display_url': 'twitter.com/60Minutes/stat‚Ä¶', 'indices': [96, 119]}]}","<a href=""http://twitter.com/download/iphone"" rel=""nofollow"">Twitter for iPhone</a>",,,,,,23022687,23022687,,,,,True,1388993597442244608,1388993597442244608,"{'url': 'https://t.co/t7zUs0O2f9', 'expanded': 'https://twitter.com/60Minutes/status/1388993597442244608', 'display': 'twitter.com/60Minutes/stat‚Ä¶'}",911,3979,1389335049414250501,1389335049414250496,False,False,False,True,en,
2021-04-30 16:04:18+00:00,1388162302755708928,1388162302755708928,United States senator Rand Paul denounces occupational licensing requirements for barbers and hair stylists. https://t.co/Jpu99pt4nn,False,"[0, 108]","{'hashtags': [], 'symbols': [], 'user_mentions': [], 'urls': [], 'media': [{'id': 1388162299945443329, 'id_str': '1388162299945443329', 'indices': [109, 132], 'media_url': 'http://pbs.twimg.com/media/E0O-QcrWYAET9rw.jpg', 'media_url_https': 'https://pbs.twimg.com/media/E0O-QcrWYAET9rw.jpg', 'url': 'https://t.co/Jpu99pt4nn', 'display_url': 'pic.twitter.com/Jpu99pt4nn', 'expanded_url': 'https://twitter.com/DPRK_News/status/1388162302755708931/photo/1', 'type': 'photo', 'original_info': {'width': 800, 'height': 800, 'focus_rects': [{'x': 0, 'y': 76, 'h': 448, 'w': 800}, {'x': 0, 'y': 0, 'h': 800, 'w': 800}, {'x': 29, 'y': 0, 'h': 800, 'w': 702}, {'x': 180, 'y': 0, 'h': 800, 'w': 400}, {'x': 0, 'y': 0, 'h': 800, 'w': 800}]}, 'sizes': {'thumb': {'w': 150, 'h': 150, 'resize': 'crop'}, 'large': {'w': 800, 'h': 800, 'resize': 'fit'}, 'small': {'w': 680, 'h': 680, 'resize': 'fit'}, 'medium': {'w': 800, 'h': 800, 'resize': 'fit'}}}]}","{'media': [{'id': 1388162299945443329, 'id_str': '1388162299945443329', 'indices': [109, 132], 'media_url': 'http://pbs.twimg.com/media/E0O-QcrWYAET9rw.jpg', 'media_url_https': 'https://pbs.twimg.com/media/E0O-QcrWYAET9rw.jpg', 'url': 'https://t.co/Jpu99pt4nn', 'display_url': 'pic.twitter.com/Jpu99pt4nn', 'expanded_url': 'https://twitter.com/DPRK_News/status/1388162302755708931/photo/1', 'type': 'photo', 'original_info': {'width': 800, 'height': 800, 'focus_rects': [{'x': 0, 'y': 76, 'h': 448, 'w': 800}, {'x': 0, 'y': 0, 'h': 800, 'w': 800}, {'x': 29, 'y': 0, 'h': 800, 'w': 702}, {'x': 180, 'y': 0, 'h': 800, 'w': 400}, {'x': 0, 'y': 0, 'h': 800, 'w': 800}]}, 'sizes': {'thumb': {'w': 150, 'h': 150, 'resize': 'crop'}, 'large': {'w': 800, 'h': 800, 'resize': 'fit'}, 'small': {'w': 680, 'h': 680, 'resize': 'fit'}, 'medium': {'w': 800, 'h': 800, 'resize': 'fit'}}, 'media_key': '3_1388162299945443329'}]}","<a href=""http://twitter.com/download/iphone"" rel=""nofollow"">Twitter for iPhone</a>",,,,,,58569513,58569513,,,,,False,171,1398,1388162302755708931,1388162302755708928,False,False,False,True,en,
2021-05-02 17:38:52+00:00,1388910876539899904,1388910876539899904,"Sir, that‚Äôs a parking meter.... https://t.co/0PoxRTXmiO",False,"[0, 31]","{'hashtags': [], 'symbols': [], 'user_mentions': [], 'urls': [{'url': 'https://t.co/0PoxRTXmiO', 'expanded_url': 'https://twitter.com/NYCMayor/status/1388691532287520772', 'display_url': 'twitter.com/NYCMayor/statu‚Ä¶', 'indices': [32, 55]}]}","<a href=""http://twitter.com/download/iphone"" rel=""nofollow"">Twitter for iPhone</a>",,,,,,23022687,23022687,,,,,True,1388691532287520772,1388691532287520768,"{'url': 'https://t.co/0PoxRTXmiO', 'expanded': 'https://twitter.com/NYCMayor/status/1388691532287520772', 'display': 'twitter.com/NYCMayor/statu‚Ä¶'}",899,11465,1388910876539899911,1388910876539899904,False,False,False,True,en,
2021-04-29 02:34:24+00:00,1387596095979667456,1387596095979667456,Hear me clearly: America is not a racist country.,False,"[0, 49]","{'hashtags': [], 'symbols': [], 'user_mentions': [], 'urls': []}","<a href=""http://twitter.com/download/iphone"" rel=""nofollow"">Twitter for iPhone</a>",,,,,,217543151,217543151,,,,,False,6520,31974,1387596095979667463,1387596095979667456,False,False,en,
2021-04-23 19:37:45+00:00,1385679302537142272,1385679302537142272,Kamala Harris ripped by New Hampshire GOP for visiting 'wrong border' https://t.co/e2utjvxbT8,False,"[0, 93]","{'hashtags': [], 'symbols': [], 'user_mentions': [], 'urls': [{'url': 'https://t.co/e2utjvxbT8', 'expanded_url': 'https://fxn.ws/3ngWjGD', 'display_url': 'fxn.ws/3ngWjGD', 'indices': [70, 93]}]}","<a href=""https://mobile.twitter.com"" rel=""nofollow"">Twitter Web App</a>",,,,,,1367531,1367531,,,,,False,1410,6937,1385679302537142278,1385679302537142272,False,False,False,True,en,
2021-05-02 20:54:00+00:00,1388959982960394240,1388959982960394240,"Blue state lockdowns destroyed the jobs of working men and women. 

We ought to be standing for individual liberty and against Big Government and against their abuse of power. https://t.co/MhjuIlk15W",False,"[0, 175]","{'hashtags': [], 'symbols': [], 'user_mentions': [], 'urls': [], 'media': [{'id': 1388848940964093953, 'id_str': '1388848940964093953', 'indices': [176, 199], 'media_url': 'http://pbs.twimg.com/media/E0YxsLEWQAUSLbr.jpg', 'media_url_https': 'https://pbs.twimg.com/media/E0YxsLEWQAUSLbr.jpg', 'url': 'https://t.co/MhjuIlk15W', 'display_url': 'pic.twitter.com/MhjuIlk15W', 'expanded_url': 'https://twitter.com/tedcruz/status/1388959982960394240/video/1', 'type': 'photo', 'original_info': {'width': 1280, 'height': 720}, 'sizes': {'thumb': {'w': 150, 'h': 150, 'resize': 'crop'}, 'medium': {'w': 1200, 'h': 675, 'resize': 'fit'}, 'small': {'w': 680, 'h': 383, 'resize': 'fit'}, 'large': {'w': 1280, 'h': 720, 'resize': 'fit'}}}]}","{'media': [{'id': 1388848940964093953, 'id_str': '1388848940964093953', 'indices': [176, 199], 'media_url': 'http://pbs.twimg.com/media/E0YxsLEWQAUSLbr.jpg', 'media_url_https': 'https://pbs.twimg.com/media/E0YxsLEWQAUSLbr.jpg', 'url': 'https://t.co/MhjuIlk15W', 'display_url': 'pic.twitter.com/MhjuIlk15W', 'expanded_url': 'https://twitter.com/tedcruz/status/1388959982960394240/video/1', 'type': 'video', 'original_info': {'width': 1280, 'height': 720}, 'sizes': {'thumb': {'w': 150, 'h': 150, 'resize': 'crop'}, 'medium': {'w': 1200, 'h': 675, 'resize': 'fit'}, 'small': {'w': 680, 'h': 383, 'resize': 'fit'}, 'large': {'w': 1280, 'h': 720, 'resize': 'fit'}}, 'video_info': {'aspect_ratio': [16, 9], 'duration_millis': 107107, 'variants': [{'bitrate': 288000, 'content_type': 'video/mp4', 'url': 'https://video.twimg.com/amplify_video/1388848940964093953/vid/480x270/N6_U1GGNI3vKjow_.mp4?tag=14'}, {'content_type': 'application/x-mpegURL', 'url': 'https://video.twimg.com/amplify_video/1388848940964093953/pl/rMmMUKAGqQSg_uqb.m3u8?tag=14'}, {'bitrate': 2176000, 'content_type': 'video/mp4', 'url': 'https://video.twimg.com/amplify_video/1388848940964093953/vid/1280x720/IzxPVg2_xLNtN4Me.mp4?tag=14'}, {'bitrate': 832000, 'content_type': 'video/mp4', 'url': 'https://video.twimg.com/amplify_video/1388848940964093953/vid/640x360/AI2rXb03bg-gCUN4.mp4?tag=14'}]}, 'media_key': '13_1388848940964093953', 'additional_media_info': {'title': '', 'description': '', 'embeddable': True, 'monetizable': False}}]}","<a href=""https://studio.twitter.com"" rel=""nofollow"">Twitter Media Studio</a>",,,,,,23022687,23022687,,,,,False,512,3119,1388959982960394240,1388959982960394240,False,False,False,True,en,
2021-05-05 11:21:08+00:00,1389902982821687296,1389902982821687296,good https://t.co/eh0wFA85nT,False,"[0, 4]","{'hashtags': [], 'symbols': [], 'user_mentions': [], 'urls': [{'url': 'https://t.co/eh0wFA85nT', 'expanded_url': 'https://twitter.com/nro/status/1389740899022815235', 'display_url': 'twitter.com/nro/status/138‚Ä¶', 'indices': [5, 28]}]}","<a href=""http://twitter.com/download/iphone"" rel=""nofollow"">Twitter for iPhone</a>",,,,,,23022687,23022687,,,,,True,1389740899022815235,1389740899022815232,"{'url': 'https://t.co/eh0wFA85nT', 'expanded': 'https://twitter.com/nro/status/1389740899022815235', 'display': 'twitter.com/nro/status/138‚Ä¶'}",512,6414,1389902982821687299,1389902982821687296,False,False,False,True,en,
2021-04-23 19:54:28+00:00,1385683510883717120,1385683510883717120,HuffPo tries to tear Ted Cruz to shreds in court-packing article ‚Äî it backfires https://t.co/Vp5DjdFfHd,False,"[0, 103]","{'hashtags': [], 'symbols': [], 'user_mentions': [], 'urls': [{'url': 'https://t.co/Vp5DjdFfHd', 'expanded_url': 'https://fxn.ws/3gBfFoy', 'display_url': 'fxn.ws/3gBfFoy', 'indices': [80, 103]}]}","<a href=""https://mobile.twitter.com"" rel=""nofollow"">Twitter Web App</a>",,,,,,1367531,1367531,,,,,False,169,955,1385683510883717121,1385683510883717120,False,False,False,True,en,
2021-04-28 17:24:24+00:00,1387457684740481024,1387457684740481024,"It‚Äôs a very simple cause and effect.

If you want jobs, you want low taxes and low regulations. 

If you want to eliminate jobs, raise taxes and increase regulation. https://t.co/Fpd536AJxN",False,"[0, 165]","{'hashtags': [], 'symbols': [], 'user_mentions': [], 'urls': [], 'media': [{'id': 1387457181994344451, 'id_str': '1387457181994344451', 'indices': [166, 189], 'media_url': 'http://pbs.twimg.com/ext_tw_video_thumb/1387457181994344451/pu/img/1u-FhNQg7Xyj2uW7.jpg', 'media_url_https': 'https://pbs.twimg.com/ext_tw_video_thumb/1387457181994344451/pu/img/1u-FhNQg7Xyj2uW7.jpg', 'url': 'https://t.co/Fpd536AJxN', 'display_url': 'pic.twitter.com/Fpd536AJxN', 'expanded_url': 'https://twitter.com/tedcruz/status/1387457684740481024/video/1', 'type': 'photo', 'original_info': {'width': 960, 'height': 540}, 'sizes': {'thumb': {'w': 150, 'h': 150, 'resize': 'crop'}, 'medium': {'w': 960, 'h': 540, 'resize': 'fit'}, 'small': {'w': 680, 'h': 383, 'resize': 'fit'}, 'large': {'w': 960, 'h': 540, 'resize': 'fit'}}}]}","{'media': [{'id': 1387457181994344451, 'id_str': '1387457181994344451', 'indices': [166, 189], 'media_url': 'http://pbs.twimg.com/ext_tw_video_thumb/1387457181994344451/pu/img/1u-FhNQg7Xyj2uW7.jpg', 'media_url_https': 'https://pbs.twimg.com/ext_tw_video_thumb/1387457181994344451/pu/img/1u-FhNQg7Xyj2uW7.jpg', 'url': 'https://t.co/Fpd536AJxN', 'display_url': 'pic.twitter.com/Fpd536AJxN', 'expanded_url': 'https://twitter.com/tedcruz/status/1387457684740481024/video/1', 'type': 'video', 'original_info': {'width': 960, 'height': 540}, 'sizes': {'thumb': {'w': 150, 'h': 150, 'resize': 'crop'}, 'medium': {'w': 960, 'h': 540, 'resize': 'fit'}, 'small': {'w': 680, 'h': 383, 'resize': 'fit'}, 'large': {'w': 960, 'h': 540, 'resize': 'fit'}}, 'video_info': {'aspect_ratio': [16, 9], 'duration_millis': 102869, 'variants': [{'bitrate': 256000, 'content_type': 'video/mp4', 'url': 'https://video.twimg.com/ext_tw_video/1387457181994344451/pu/vid/480x270/jbt2A7NYvDJaD2qd.mp4?tag=12'}, {'content_type': 'application/x-mpegURL', 'url': 'https://video.twimg.com/ext_tw_video/1387457181994344451/pu/pl/sQObNvIxxlsg4Hzn.m3u8?tag=12'}, {'bitrate': 2176000, 'content_type': 'video/mp4', 'url': 'https://video.twimg.com/ext_tw_video/1387457181994344451/pu/vid/960x540/JrCTpMGLL1NC31LR.mp4?tag=12'}, {'bitrate': 832000, 'content_type': 'video/mp4', 'url': 'https://video.twimg.com/ext_tw_video/1387457181994344451/pu/vid/640x360/-1quYmMJ2nxq9kfL.mp4?tag=12'}]}, 'media_key': '7_1387457181994344451', 'additional_media_info': {'monetizable': False}}]}","<a href=""http://twitter.com/download/iphone"" rel=""nofollow"">Twitter for iPhone</a>",,,,,,23022687,23022687,,,,,False,464,2240,1387457684740481024,1387457684740481024,False,False,False,True,en,
2021-04-22 12:57:16+00:00,1385216132777496576,1385216132777496576,"8/x 

And earlier this year, Justice Stephen Breyer criticized court packing and said #SCOTUS ‚Äúis guided by legal principle, not politics. Structural alteration motivated by the perception of political influence can only feed that latter perception, further eroding that trust.‚Äù https://t.co/mZikPvlmHK",False,"[0, 278]","{'hashtags': [{'text': 'SCOTUS', 'indices': [86, 93]}], 'symbols': [], 'user_mentions': [], 'urls': [], 'media': [{'id': 1385216128167944197, 'id_str': '1385216128167944197', 'indices': [279, 302], 'media_url': 'http://pbs.twimg.com/media/EzlGuriXoAUo8k5.jpg', 'media_url_https': 'https://pbs.twimg.com/media/EzlGuriXoAUo8k5.jpg', 'url': 'https://t.co/mZikPvlmHK', 'display_url': 'pic.twitter.com/mZikPvlmHK', 'expanded_url': 'https://twitter.com/tedcruz/status/1385216132777496577/photo/1', 'type': 'photo', 'original_info': {'width': 978, 'height': 654, 'focus_rects': [{'x': 0, 'y': 106, 'h': 548, 'w': 978}, {'x': 39, 'y': 0, 'h': 654, 'w': 654}, {'x': 79, 'y': 0, 'h': 654, 'w': 574}, {'x': 203, 'y': 0, 'h': 654, 'w': 327}, {'x': 0, 'y': 0, 'h': 654, 'w': 978}]}, 'sizes': {'small': {'w': 680, 'h': 455, 'resize': 'fit'}, 'thumb': {'w': 150, 'h': 150, 'resize': 'crop'}, 'large': {'w': 978, 'h': 654, 'resize': 'fit'}, 'medium': {'w': 978, 'h': 654, 'resize': 'fit'}}}]}","{'media': [{'id': 1385216128167944197, 'id_str': '1385216128167944197', 'indices': [279, 302], 'media_url': 'http://pbs.twimg.com/media/EzlGuriXoAUo8k5.jpg', 'media_url_https': 'https://pbs.twimg.com/media/EzlGuriXoAUo8k5.jpg', 'url': 'https://t.co/mZikPvlmHK', 'display_url': 'pic.twitter.com/mZikPvlmHK', 'expanded_url': 'https://twitter.com/tedcruz/status/1385216132777496577/photo/1', 'type': 'photo', 'original_info': {'width': 978, 'height': 654, 'focus_rects': [{'x': 0, 'y': 106, 'h': 548, 'w': 978}, {'x': 39, 'y': 0, 'h': 654, 'w': 654}, {'x': 79, 'y': 0, 'h': 654, 'w': 574}, {'x': 203, 'y': 0, 'h': 654, 'w': 327}, {'x': 0, 'y': 0, 'h': 654, 'w': 978}]}, 'sizes': {'small': {'w': 680, 'h': 455, 'resize': 'fit'}, 'thumb': {'w': 150, 'h': 150, 'resize': 'crop'}, 'large': {'w': 978, 'h': 654, 'resize': 'fit'}, 'medium': {'w': 978, 'h': 654, 'resize': 'fit'}}, 'media_key': '3_1385216128167944197'}]}","<a href=""http://twitter.com/download/iphone"" rel=""nofollow"">Twitter for iPhone</a>",1385216124883775494,1385216124883775488,23022687,23022687,tedcruz,23022687,23022687,,,,,False,143,717,1385215809581113345,1385215809581113344,False,False,False,True,en,,"{'id': 1385215809581113345, 'id_str': '1385215809581113345'}"
2021-04-29 19:24:34+00:00,1387850315777646592,1387850315777646592,‚ÄúThis is going to be a litmus test for conservatives‚Äù https://t.co/Nfo23w3HXK,False,"[0, 77]","{'hashtags': [], 'symbols': [], 'user_mentions': [], 'urls': [{'url': 'https://t.co/Nfo23w3HXK', 'expanded_url': 'https://dailycaller.com/2021/04/29/ted-cruz-campaign-contributions-corporate-pac/', 'display_url': 'dailycaller.com/2021/04/29/ted‚Ä¶', 'indices': [54, 77]}]}","<a href=""http://twitter.com/download/iphone"" rel=""nofollow"">Twitter for iPhone</a>",,,,,,23022687,23022687,,,,,False,366,2269,1387850315777646602,1387850315777646592,False,False,False,True,en,
2021-04-22 12:56:41+00:00,1385215983628046336,1385215983628046336,"5/x

Even as recently as 2019, Biden said, ‚ÄúI would not get into court packing. We add three justices, next time around we lose control, they add three justices. We begin to lose any credibility the court has.‚Äù https://t.co/LHs5E3OIHZ",False,"[0, 210]","{'hashtags': [], 'symbols': [], 'user_mentions': [], 'urls': [], 'media': [{'id': 1385215912106659841, 'id_str': '1385215912106659841', 'indices': [211, 234], 'media_url': 'http://pbs.twimg.com/ext_tw_video_thumb/1385215912106659841/pu/img/mkJHBS-HO_nmyx_m.jpg', 'media_url_https': 'https://pbs.twimg.com/ext_tw_video_thumb/1385215912106659841/pu/img/mkJHBS-HO_nmyx_m.jpg', 'url': 'https://t.co/LHs5E3OIHZ', 'display_url': 'pic.twitter.com/LHs5E3OIHZ', 'expanded_url': 'https://twitter.com/tedcruz/status/1385215983628046365/video/1', 'type': 'photo', 'original_info': {'width': 1280, 'height': 720}, 'sizes': {'thumb': {'w': 150, 'h': 150, 'resize': 'crop'}, 'medium': {'w': 1200, 'h': 675, 'resize': 'fit'}, 'small': {'w': 680, 'h': 383, 'resize': 'fit'}, 'large': {'w': 1280, 'h': 720, 'resize': 'fit'}}}]}","{'media': [{'id': 1385215912106659841, 'id_str': '1385215912106659841', 'indices': [211, 234], 'media_url': 'http://pbs.twimg.com/ext_tw_video_thumb/1385215912106659841/pu/img/mkJHBS-HO_nmyx_m.jpg', 'media_url_https': 'https://pbs.twimg.com/ext_tw_video_thumb/1385215912106659841/pu/img/mkJHBS-HO_nmyx_m.jpg', 'url': 'https://t.co/LHs5E3OIHZ', 'display_url': 'pic.twitter.com/LHs5E3OIHZ', 'expanded_url': 'https://twitter.com/tedcruz/status/1385215983628046365/video/1', 'type': 'video', 'original_info': {'width': 1280, 'height': 720}, 'sizes': {'thumb': {'w': 150, 'h': 150, 'resize': 'crop'}, 'medium': {'w': 1200, 'h': 675, 'resize': 'fit'}, 'small': {'w': 680, 'h': 383, 'resize': 'fit'}, 'large': {'w': 1280, 'h': 720, 'resize': 'fit'}}, 'video_info': {'aspect_ratio': [16, 9], 'duration_millis': 25760, 'variants': [{'bitrate': 2176000, 'content_type': 'video/mp4', 'url': 'https://video.twimg.com/ext_tw_video/1385215912106659841/pu/vid/1280x720/hKrhf_xLV7QEg3xg.mp4?tag=12'}, {'bitrate': 832000, 'content_type': 'video/mp4', 'url': 'https://video.twimg.com/ext_tw_video/1385215912106659841/pu/vid/640x360/AmSpKNyJ_WsJqUGf.mp4?tag=12'}, {'bitrate': 256000, 'content_type': 'video/mp4', 'url': 'https://video.twimg.com/ext_tw_video/1385215912106659841/pu/vid/480x270/pLgbIFDgQohq8UUv.mp4?tag=12'}, {'content_type': 'application/x-mpegURL', 'url': 'https://video.twimg.com/ext_tw_video/1385215912106659841/pu/pl/WJtTcNhtlD_WDzRz.m3u8?tag=12'}]}, 'media_key': '7_1385215912106659841', 'additional_media_info': {'monetizable': False}}]}","<a href=""http://twitter.com/download/iphone"" rel=""nofollow"">Twitter for iPhone</a>",1385215902979854337,1385215902979854336,23022687,23022687,tedcruz,23022687,23022687,,,,,False,98,404,1385215809581113345,1385215809581113344,False,False,False,True,en,,"{'id': 1385215809581113345, 'id_str': '1385215809581113345'}"
2021-04-27 19:13:21+00:00,1387122714553556992,1387122714553556992,"I thought signature verification was vote suppression?  

That‚Äôs what Dems told us.... https://t.co/Jab6M3yrMZ",False,"[0, 86]","{'hashtags': [], 'symbols': [], 'user_mentions': [], 'urls': [{'url': 'https://t.co/Jab6M3yrMZ', 'expanded_url': 'https://twitter.com/BreitbartNews/status/1387108588028583937', 'display_url': 'twitter.com/BreitbartNews/‚Ä¶', 'indices': [87, 110]}]}","<a href=""http://twitter.com/download/iphone"" rel=""nofollow"">Twitter for iPhone</a>",,,,,,23022687,23022687,,,,,True,1387108588028583937,1387108588028583936,"{'url': 'https://t.co/Jab6M3yrMZ', 'expanded': 'https://twitter.com/BreitbartNews/status/1387108588028583937', 'display': 'twitter.com/BreitbartNews/‚Ä¶'}",4316,17439,1387122714553556996,1387122714553556992,False,False,False,True,en,
2021-04-22 18:20:19+00:00,1385297431504490496,1385297431504490496,"Truth makes Democrats very, very angry. https://t.co/GEvVaVsDR7",False,"[0, 39]","{'hashtags': [], 'symbols': [], 'user_mentions': [], 'urls': [{'url': 'https://t.co/GEvVaVsDR7', 'expanded_url': 'https://twitter.com/JudiciaryGOP/status/1385249283205648387', 'display_url': 'twitter.com/JudiciaryGOP/s‚Ä¶', 'indices': [40, 63]}]}","<a href=""http://twitter.com/download/iphone"" rel=""nofollow"">Twitter for iPhone</a>",,,,,,23022687,23022687,,,,,True,1385249283205648387,1385249283205648384,"{'url': 'https://t.co/GEvVaVsDR7', 'expanded': 'https://twitter.com/JudiciaryGOP/status/1385249283205648387', 'display': 'twitter.com/JudiciaryGOP/s‚Ä¶'}",2812,10574,1385297431504490508,1385297431504490496,False,False,False,True,en,
2021-05-02 00:26:00+00:00,1388650949120516096,1388650949120516096,"You won't be able to unsee this, friends.
https://t.co/dGT0oc0THe",False,"[0, 65]","{'hashtags': [], 'symbols': [], 'user_mentions': [], 'urls': [{'url': 'https://t.co/dGT0oc0THe', 'expanded_url': 'https://www.comicsands.com/ted-cruz-sticker-leather-bdsm-2652790636.html', 'display_url': 'comicsands.com/ted-cruz-stick‚Ä¶', 'indices': [42, 65]}]}","<a href=""https://buffer.com"" rel=""nofollow"">Buffer</a>",,,,,,237845487,237845487,,,,,False,94,558,1388650949120516096,1388650949120516096,False,False,False,True,en,
2021-05-01 23:56:03+00:00,1388643408936321024,1388643408936321024,"A beautiful day with Heidi at the #KentuckyDerby

In 2017, Caroline (then age 9) had us put $2 on Always Dreaming, and she won (her very first bet)!!

This year, alas, our wagers missed....

But a great time nonetheless! https://t.co/UjmlkJ9fV9",False,"[0, 220]","{'hashtags': [{'text': 'KentuckyDerby', 'indices': [34, 48]}], 'symbols': [], 'user_mentions': [], 'urls': [], 'media': [{'id': 1388643403114631175, 'id_str': '1388643403114631175', 'indices': [221, 244], 'media_url': 'http://pbs.twimg.com/media/E0Vz0VpWUAc2zhd.jpg', 'media_url_https': 'https://pbs.twimg.com/media/E0Vz0VpWUAc2zhd.jpg', 'url': 'https://t.co/UjmlkJ9fV9', 'display_url': 'pic.twitter.com/UjmlkJ9fV9', 'expanded_url': 'https://twitter.com/tedcruz/status/1388643408936321029/photo/1', 'type': 'photo', 'original_info': {'width': 828, 'height': 1792, 'focus_rects': [{'x': 0, 'y': 528, 'h': 464, 'w': 828}, {'x': 0, 'y': 346, 'h': 828, 'w': 828}, {'x': 0, 'y': 288, 'h': 944, 'w': 828}, {'x': 0, 'y': 0, 'h': 1656, 'w': 828}, {'x': 0, 'y': 0, 'h': 1792, 'w': 828}]}, 'sizes': {'medium': {'w': 554, 'h': 1200, 'resize': 'fit'}, 'thumb': {'w': 150, 'h': 150, 'resize': 'crop'}, 'small': {'w': 314, 'h': 680, 'resize': 'fit'}, 'large': {'w': 828, 'h': 1792, 'resize': 'fit'}}}]}","{'media': [{'id': 1388643403114631175, 'id_str': '1388643403114631175', 'indices': [221, 244], 'media_url': 'http://pbs.twimg.com/media/E0Vz0VpWUAc2zhd.jpg', 'media_url_https': 'https://pbs.twimg.com/media/E0Vz0VpWUAc2zhd.jpg', 'url': 'https://t.co/UjmlkJ9fV9', 'display_url': 'pic.twitter.com/UjmlkJ9fV9', 'expanded_url': 'https://twitter.com/tedcruz/status/1388643408936321029/photo/1', 'type': 'photo', 'original_info': {'width': 828, 'height': 1792, 'focus_rects': [{'x': 0, 'y': 528, 'h': 464, 'w': 828}, {'x': 0, 'y': 346, 'h': 828, 'w': 828}, {'x': 0, 'y': 288, 'h': 944, 'w': 828}, {'x': 0, 'y': 0, 'h': 1656, 'w': 828}, {'x': 0, 'y': 0, 'h': 1792, 'w': 828}]}, 'sizes': {'medium': {'w': 554, 'h': 1200, 'resize': 'fit'}, 'thumb': {'w': 150, 'h': 150, 'resize': 'crop'}, 'small': {'w': 314, 'h': 680, 'resize': 'fit'}, 'large': {'w': 828, 'h': 1792, 'resize': 'fit'}}, 'media_key': '3_1388643403114631175'}]}","<a href=""http://twitter.com/download/iphone"" rel=""nofollow"">Twitter for iPhone</a>",,,,,,23022687,23022687,,,,,False,707,18467,1388643408936321029,1388643408936321024,False,False,False,True,en,
2021-04-29 13:46:35+00:00,1387765255535833088,1387765255535833088,true that. https://t.co/GhurvIpOZf,False,"[0, 10]","{'hashtags': [], 'symbols': [], 'user_mentions': [], 'urls': [{'url': 'https://t.co/GhurvIpOZf', 'expanded_url': 'https://twitter.com/washingtonpost/status/1387718621103726593', 'display_url': 'twitter.com/washingtonpost‚Ä¶', 'indices': [11, 34]}]}","<a href=""http://twitter.com/download/iphone"" rel=""nofollow"">Twitter for iPhone</a>",,,,,,23022687,23022687,,,,,True,1387718621103726593,1387718621103726592,"{'url': 'https://t.co/GhurvIpOZf', 'expanded': 'https://twitter.com/washingtonpost/status/1387718621103726593', 'display': 'twitter.com/washingtonpost‚Ä¶'}",1426,18003,1387765255535833096,1387765255535833088,False,False,False,True,en,
2021-05-01 13:35:00+00:00,1388487117471424512,1388487117471424512,"Joe Biden is taking credit for victories that were won by his predecessor.

He started his presidency with a vaccine that had already been developed and with an economy that was opening up. https://t.co/h4ZLVbnG0R",False,"[0, 189]","{'hashtags': [], 'symbols': [], 'user_mentions': [], 'urls': [], 'media': [{'id': 1388164111519952896, 'id_str': '1388164111519952896', 'indices': [190, 213], 'media_url': 'http://pbs.twimg.com/amplify_video_thumb/1388164111519952896/img/a4J7NWlhoL4scNgc.jpg', 'media_url_https': 'https://pbs.twimg.com/amplify_video_thumb/1388164111519952896/img/a4J7NWlhoL4scNgc.jpg', 'url': 'https://t.co/h4ZLVbnG0R', 'display_url': 'pic.twitter.com/h4ZLVbnG0R', 'expanded_url': 'https://twitter.com/tedcruz/status/1388487117471424512/video/1', 'type': 'photo', 'original_info': {'width': 960, 'height': 540}, 'sizes': {'thumb': {'w': 150, 'h': 150, 'resize': 'crop'}, 'medium': {'w': 960, 'h': 540, 'resize': 'fit'}, 'small': {'w': 680, 'h': 383, 'resize': 'fit'}, 'large': {'w': 960, 'h': 540, 'resize': 'fit'}}}]}","{'media': [{'id': 1388164111519952896, 'id_str': '1388164111519952896', 'indices': [190, 213], 'media_url': 'http://pbs.twimg.com/amplify_video_thumb/1388164111519952896/img/a4J7NWlhoL4scNgc.jpg', 'media_url_https': 'https://pbs.twimg.com/amplify_video_thumb/1388164111519952896/img/a4J7NWlhoL4scNgc.jpg', 'url': 'https://t.co/h4ZLVbnG0R', 'display_url': 'pic.twitter.com/h4ZLVbnG0R', 'expanded_url': 'https://twitter.com/tedcruz/status/1388487117471424512/video/1', 'type': 'video', 'original_info': {'width': 960, 'height': 540}, 'sizes': {'thumb': {'w': 150, 'h': 150, 'resize': 'crop'}, 'medium': {'w': 960, 'h': 540, 'resize': 'fit'}, 'small': {'w': 680, 'h': 383, 'resize': 'fit'}, 'large': {'w': 960, 'h': 540, 'resize': 'fit'}}, 'video_info': {'aspect_ratio': [16, 9], 'duration_millis': 96263, 'variants': [{'content_type': 'application/x-mpegURL', 'url': 'https://video.twimg.com/amplify_video/1388164111519952896/pl/Tygt7hX1a3BKCEnN.m3u8?tag=14'}, {'bitrate': 288000, 'content_type': 'video/mp4', 'url': 'https://video.twimg.com/amplify_video/1388164111519952896/vid/480x270/N7H0NJNMPdex01Uh.mp4?tag=14'}, {'bitrate': 2176000, 'content_type': 'video/mp4', 'url': 'https://video.twimg.com/amplify_video/1388164111519952896/vid/960x540/Gs9a2348RHycBciV.mp4?tag=14'}, {'bitrate': 832000, 'content_type': 'video/mp4', 'url': 'https://video.twimg.com/amplify_video/1388164111519952896/vid/640x360/W3raHtTzj8u4K9JQ.mp4?tag=14'}]}, 'media_key': '13_1388164111519952896', 'additional_media_info': {'title': '', 'description': '', 'embeddable': True, 'monetizable': False}}]}","<a href=""https://studio.twitter.com"" rel=""nofollow"">Twitter Media Studio</a>",,,,,,23022687,23022687,,,,,False,1457,7275,1388487117471424512,1388487117471424512,False,False,False,True,en,
2021-04-27 20:09:17+00:00,1387136790096748544,1387136790096748544,"When Ace Frehley turns 70, that REALLY makes you feel old.... https://t.co/B2Oc9UXZOM",False,"[0, 61]","{'hashtags': [], 'symbols': [], 'user_mentions': [], 'urls': [{'url': 'https://t.co/B2Oc9UXZOM', 'expanded_url': 'https://twitter.com/kiss/status/1387027898859671553', 'display_url': 'twitter.com/kiss/status/13‚Ä¶', 'indices': [62, 85]}]}","<a href=""http://twitter.com/download/iphone"" rel=""nofollow"">Twitter for iPhone</a>",,,,,,23022687,23022687,,,,,True,1387027898859671553,1387027898859671552,"{'url': 'https://t.co/B2Oc9UXZOM', 'expanded': 'https://twitter.com/kiss/status/1387027898859671553', 'display': 'twitter.com/kiss/status/13‚Ä¶'}",171,1759,1387136790096748552,1387136790096748544,False,False,False,True,en,
2021-04-24 13:45:36+00:00,1385953070056607744,1385953070056607744,"At a time where Democrats say the filibuster is Jim Crow and discrimination, they use the filibuster to support explicit discrimination against Asian-Americans. https://t.co/Fn7khyCoMV",False,"[0, 160]","{'hashtags': [], 'symbols': [], 'user_mentions': [], 'urls': [], 'media': [{'id': 1385949076793999362, 'id_str': '1385949076793999362', 'indices': [161, 184], 'media_url': 'http://pbs.twimg.com/amplify_video_thumb/1385949076793999362/img/RUJtNEKy3QBZIVxh.jpg', 'media_url_https': 'https://pbs.twimg.com/amplify_video_thumb/1385949076793999362/img/RUJtNEKy3QBZIVxh.jpg', 'url': 'https://t.co/Fn7khyCoMV', 'display_url': 'pic.twitter.com/Fn7khyCoMV', 'expanded_url': 'https://twitter.com/tedcruz/status/1385953070056607744/video/1', 'type': 'photo', 'original_info': {'width': 1280, 'height': 720}, 'sizes': {'thumb': {'w': 150, 'h': 150, 'resize': 'crop'}, 'medium': {'w': 1200, 'h': 675, 'resize': 'fit'}, 'small': {'w': 680, 'h': 383, 'resize': 'fit'}, 'large': {'w': 1280, 'h': 720, 'resize': 'fit'}}}]}","{'media': [{'id': 1385949076793999362, 'id_str': '1385949076793999362', 'indices': [161, 184], 'media_url': 'http://pbs.twimg.com/amplify_video_thumb/1385949076793999362/img/RUJtNEKy3QBZIVxh.jpg', 'media_url_https': 'https://pbs.twimg.com/amplify_video_thumb/1385949076793999362/img/RUJtNEKy3QBZIVxh.jpg', 'url': 'https://t.co/Fn7khyCoMV', 'display_url': 'pic.twitter.com/Fn7khyCoMV', 'expanded_url': 'https://twitter.com/tedcruz/status/1385953070056607744/video/1', 'type': 'video', 'original_info': {'width': 1280, 'height': 720}, 'sizes': {'thumb': {'w': 150, 'h': 150, 'resize': 'crop'}, 'medium': {'w': 1200, 'h': 675, 'resize': 'fit'}, 'small': {'w': 680, 'h': 383, 'resize': 'fit'}, 'large': {'w': 1280, 'h': 720, 'resize': 'fit'}}, 'video_info': {'aspect_ratio': [16, 9], 'duration_millis': 128367, 'variants': [{'bitrate': 2176000, 'content_type': 'video/mp4', 'url': 'https://video.twimg.com/amplify_video/1385949076793999362/vid/1280x720/NgEaS1br8_-gNf0U.mp4?tag=14'}, {'content_type': 'application/x-mpegURL', 'url': 'https://video.twimg.com/amplify_video/1385949076793999362/pl/ABKh2zzmxwhfYWJN.m3u8?tag=14'}, {'bitrate': 288000, 'content_type': 'video/mp4', 'url': 'https://video.twimg.com/amplify_video/1385949076793999362/vid/480x270/hf-NIiJncyuOKjF2.mp4?tag=14'}, {'bitrate': 832000, 'content_type': 'video/mp4', 'url': 'https://video.twimg.com/amplify_video/1385949076793999362/vid/640x360/FIBwFnLMzTSZxCwI.mp4?tag=14'}]}, 'media_key': '13_1385949076793999362', 'additional_media_info': {'title': '', 'description': '', 'embeddable': True, 'monetizable': False}}]}","<a href=""https://studio.twitter.com"" rel=""nofollow"">Twitter Media Studio</a>",,,,,,23022687,23022687,,,,,False,641,3108,1385953070056607744,1385953070056607744,False,False,False,True,en,
2021-04-24 16:34:19+00:00,1385995528559808512,1385995528559808512,"Democrats want the American people to be docile, managed, willing to be controlled by the government, and to freely give up our liberties forever. https://t.co/rXMZUcWoOC",False,"[0, 146]","{'hashtags': [], 'symbols': [], 'user_mentions': [], 'urls': [], 'media': [{'id': 1385990573518163975, 'id_str': '1385990573518163975', 'indices': [147, 170], 'media_url': 'http://pbs.twimg.com/amplify_video_thumb/1385990573518163975/img/QcsiAjE8kf-8JN5b.jpg', 'media_url_https': 'https://pbs.twimg.com/amplify_video_thumb/1385990573518163975/img/QcsiAjE8kf-8JN5b.jpg', 'url': 'https://t.co/rXMZUcWoOC', 'display_url': 'pic.twitter.com/rXMZUcWoOC', 'expanded_url': 'https://twitter.com/tedcruz/status/1385995528559808519/video/1', 'type': 'photo', 'original_info': {'width': 1280, 'height': 720}, 'sizes': {'thumb': {'w': 150, 'h': 150, 'resize': 'crop'}, 'medium': {'w': 1200, 'h': 675, 'resize': 'fit'}, 'small': {'w': 680, 'h': 383, 'resize': 'fit'}, 'large': {'w': 1280, 'h': 720, 'resize': 'fit'}}}]}","{'media': [{'id': 1385990573518163975, 'id_str': '1385990573518163975', 'indices': [147, 170], 'media_url': 'http://pbs.twimg.com/amplify_video_thumb/1385990573518163975/img/QcsiAjE8kf-8JN5b.jpg', 'media_url_https': 'https://pbs.twimg.com/amplify_video_thumb/1385990573518163975/img/QcsiAjE8kf-8JN5b.jpg', 'url': 'https://t.co/rXMZUcWoOC', 'display_url': 'pic.twitter.com/rXMZUcWoOC', 'expanded_url': 'https://twitter.com/tedcruz/status/1385995528559808519/video/1', 'type': 'video', 'original_info': {'width': 1280, 'height': 720}, 'sizes': {'thumb': {'w': 150, 'h': 150, 'resize': 'crop'}, 'medium': {'w': 1200, 'h': 675, 'resize': 'fit'}, 'small': {'w': 680, 'h': 383, 'resize': 'fit'}, 'large': {'w': 1280, 'h': 720, 'resize': 'fit'}}, 'video_info': {'aspect_ratio': [16, 9], 'duration_millis': 296329, 'variants': [{'content_type': 'application/x-mpegURL', 'url': 'https://video.twimg.com/amplify_video/1385990573518163975/pl/wxoIVu6Wo5usYg_c.m3u8?tag=14'}, {'bitrate': 832000, 'content_type': 'video/mp4', 'url': 'https://video.twimg.com/amplify_video/1385990573518163975/vid/640x360/QV35yvZqyItVPkx_.mp4?tag=14'}, {'bitrate': 288000, 'content_type': 'video/mp4', 'url': 'https://video.twimg.com/amplify_video/1385990573518163975/vid/480x270/1JqbqOjThuaK08gl.mp4?tag=14'}, {'bitrate': 2176000, 'content_type': 'video/mp4', 'url': 'https://video.twimg.com/amplify_video/1385990573518163975/vid/1280x720/cMP8bTH34s2MA_8Q.mp4?tag=14'}]}, 'media_key': '13_1385990573518163975', 'additional_media_info': {'title': '', 'description': '', 'embeddable': True, 'monetizable': False}}]}","<a href=""https://studio.twitter.com"" rel=""nofollow"">Twitter Media Studio</a>",,,,,,23022687,23022687,,,,,False,1157,5425,1385995528559808519,1385995528559808512,False,False,False,True,en,
2021-04-25 21:06:47+00:00,1386426487968919552,1386426487968919552,They‚Äôve got a finger on the pulse of America. https://t.co/QMHNkPU9jb,False,"[0, 45]","{'hashtags': [], 'symbols': [], 'user_mentions': [], 'urls': [{'url': 'https://t.co/QMHNkPU9jb', 'expanded_url': 'https://twitter.com/ByronYork/status/1383785019500466176', 'display_url': 'twitter.com/ByronYork/stat‚Ä¶', 'indices': [46, 69]}]}","<a href=""http://twitter.com/download/iphone"" rel=""nofollow"">Twitter for iPhone</a>",,,,,,23022687,23022687,,,,,True,1383785019500466176,1383785019500466176,"{'url': 'https://t.co/QMHNkPU9jb', 'expanded': 'https://twitter.com/ByronYork/status/1383785019500466176', 'display': 'twitter.com/ByronYork/stat‚Ä¶'}",263,2520,1386426487968919558,1386426487968919552,False,False,False,True,en,
2021-04-27 14:13:38+00:00,1387047288170708992,1387047288170708992,"What a strange, wild journey it‚Äôs been.... https://t.co/ssMhgz6KlX",False,"[0, 42]","{'hashtags': [], 'symbols': [], 'user_mentions': [], 'urls': [{'url': 'https://t.co/ssMhgz6KlX', 'expanded_url': 'https://twitter.com/LoganDobson/status/1387009952082972675', 'display_url': 'twitter.com/LoganDobson/st‚Ä¶', 'indices': [43, 66]}]}","<a href=""http://twitter.com/download/iphone"" rel=""nofollow"">Twitter for iPhone</a>",,,,,,23022687,23022687,,,,,True,1387009952082972675,1387009952082972672,"{'url': 'https://t.co/ssMhgz6KlX', 'expanded': 'https://twitter.com/LoganDobson/status/1387009952082972675', 'display': 'twitter.com/LoganDobson/st‚Ä¶'}",100,1701,1387047288170709003,1387047288170708992,False,False,False,True,en,
2021-04-28 12:02:00+00:00,1387376549913980928,1387376549913980928,"The 2020 Census: New York gets screwed out of a House seat, Texas is the big winner, and we‚Äôre back in the 1930s. https://t.co/nxxd2Cp6iF",False,"[0, 113]","{'hashtags': [], 'symbols': [], 'user_mentions': [], 'urls': [], 'media': [{'id': 1387252940818288644, 'id_str': '1387252940818288644', 'indices': [114, 137], 'media_url': 'http://pbs.twimg.com/media/E0CD_M0WEAIofwi.jpg', 'media_url_https': 'https://pbs.twimg.com/media/E0CD_M0WEAIofwi.jpg', 'url': 'https://t.co/nxxd2Cp6iF', 'display_url': 'pic.twitter.com/nxxd2Cp6iF', 'expanded_url': 'https://twitter.com/TheDailyShow/status/1387376549913980929/video/1', 'type': 'photo', 'original_info': {'width': 1280, 'height': 720}, 'sizes': {'thumb': {'w': 150, 'h': 150, 'resize': 'crop'}, 'medium': {'w': 1200, 'h': 675, 'resize': 'fit'}, 'small': {'w': 680, 'h': 383, 'resize': 'fit'}, 'large': {'w': 1280, 'h': 720, 'resize': 'fit'}}}]}","{'media': [{'id': 1387252940818288644, 'id_str': '1387252940818288644', 'indices': [114, 137], 'media_url': 'http://pbs.twimg.com/media/E0CD_M0WEAIofwi.jpg', 'media_url_https': 'https://pbs.twimg.com/media/E0CD_M0WEAIofwi.jpg', 'url': 'https://t.co/nxxd2Cp6iF', 'display_url': 'pic.twitter.com/nxxd2Cp6iF', 'expanded_url': 'https://twitter.com/TheDailyShow/status/1387376549913980929/video/1', 'type': 'video', 'original_info': {'width': 1280, 'height': 720}, 'sizes': {'thumb': {'w': 150, 'h': 150, 'resize': 'crop'}, 'medium': {'w': 1200, 'h': 675, 'resize': 'fit'}, 'small': {'w': 680, 'h': 383, 'resize': 'fit'}, 'large': {'w': 1280, 'h': 720, 'resize': 'fit'}}, 'video_info': {'aspect_ratio': [16, 9], 'duration_millis': 152987, 'variants': [{'bitrate': 2176000, 'content_type': 'video/mp4', 'url': 'https://video.twimg.com/amplify_video/1387252940818288644/vid/1280x720/s02HXZgT05_UZVxB.mp4?tag=14'}, {'bitrate': 288000, 'content_type': 'video/mp4', 'url': 'https://video.twimg.com/amplify_video/1387252940818288644/vid/480x270/mrGuP5FsO2wuYaM3.mp4?tag=14'}, {'content_type': 'application/x-mpegURL', 'url': 'https://video.twimg.com/amplify_video/1387252940818288644/pl/sIrpOebsQQ4V9OKT.m3u8?tag=14&v=5b5'}, {'bitrate': 832000, 'content_type': 'video/mp4', 'url': 'https://video.twimg.com/amplify_video/1387252940818288644/vid/640x360/BDlSk1xIkgxxWynI.mp4?tag=14'}]}, 'media_key': '13_1387252940818288644', 'additional_media_info': {'title': 'The 2020 Census Results Are In', 'description': '', 'embeddable': True, 'monetizable': False}}]}","<a href=""https://studio.twitter.com"" rel=""nofollow"">Twitter Media Studio</a>",,,,,,158414847,158414847,,,,,False,993,7694,1387376549913980929,1387376549913980928,False,False,False,True,en,
2021-04-29 13:15:44+00:00,1387757494932590592,1387757494932590592,"As America‚Äôs greatest basketball player observed years ago, Republicans buy sneakers, too. 

We cast votes, too. And we pay attention when CEOs come after our own just so they can look good for a few editorial pages and radical activists.

https://t.co/AO5GSqB9RR",False,"[0, 263]","{'hashtags': [], 'symbols': [], 'user_mentions': [], 'urls': [{'url': 'https://t.co/AO5GSqB9RR', 'expanded_url': 'https://www.wsj.com/articles/your-woke-money-is-no-good-here-11619649421', 'display_url': 'wsj.com/articles/your-‚Ä¶', 'indices': [240, 263]}]}","<a href=""http://twitter.com/download/iphone"" rel=""nofollow"">Twitter for iPhone</a>",,,,,,23022687,23022687,,,,,False,265,1503,1387757494932590592,1387757494932590592,False,False,False,True,en,
2021-04-22 17:59:29+00:00,1385292188230246400,1385292188230246400,"You know, there are decaffeinated brands on the market that are just as tasty.... https://t.co/u1VTJ5xNxZ",False,"[0, 81]","{'hashtags': [], 'symbols': [], 'user_mentions': [], 'urls': [{'url': 'https://t.co/u1VTJ5xNxZ', 'expanded_url': 'https://twitter.com/henryrodgersdc/status/1385247282694602755', 'display_url': 'twitter.com/henryrodgersdc‚Ä¶', 'indices': [82, 105]}]}","<a href=""http://twitter.com/download/iphone"" rel=""nofollow"">Twitter for iPhone</a>",,,,,,23022687,23022687,,,,,True,1385247282694602755,1385247282694602752,"{'url': 'https://t.co/u1VTJ5xNxZ', 'expanded': 'https://twitter.com/henryrodgersdc/status/1385247282694602755', 'display': 'twitter.com/henryrodgersdc‚Ä¶'}",274,2102,1385292188230246403,1385292188230246400,False,False,False,True,en,
2021-04-27 19:12:06+00:00,1387122401612378112,1387122401612378112,good points https://t.co/8F1yvMYdIt,False,"[0, 11]","{'hashtags': [], 'symbols': [], 'user_mentions': [], 'urls': [{'url': 'https://t.co/8F1yvMYdIt', 'expanded_url': 'https://twitter.com/RedState/status/1386895384270757888', 'display_url': 'twitter.com/RedState/statu‚Ä¶', 'indices': [12, 35]}]}","<a href=""http://twitter.com/download/iphone"" rel=""nofollow"">Twitter for iPhone</a>",,,,,,23022687,23022687,,,,,True,1386895384270757888,1386895384270757888,"{'url': 'https://t.co/8F1yvMYdIt', 'expanded': 'https://twitter.com/RedState/status/1386895384270757888', 'display': 'twitter.com/RedState/statu‚Ä¶'}",196,1305,1387122401612378113,1387122401612378112,False,False,False,True,en,
2021-04-27 04:10:01+00:00,1386895384270757888,1386895384270757888,"John Kerry Just Backed the Biden Administration Into a Corner Over His Reported Collusion With Iran 
 https://t.co/ZHK831ANdp",False,"[0, 125]","{'hashtags': [], 'symbols': [], 'user_mentions': [], 'urls': [{'url': 'https://t.co/ZHK831ANdp', 'expanded_url': 'https://buff.ly/3gDgjBT', 'display_url': 'buff.ly/3gDgjBT', 'indices': [102, 125]}]}","<a href=""https://buffer.com"" rel=""nofollow"">Buffer</a>",,,,,,3135241,3135241,,,,,False,152,363,1386895384270757888,1386895384270757888,False,False,False,True,en,
2021-04-21 23:56:32+00:00,1385019652733014016,1385019652733014016,We are witnessing the rise of woke corporations where giant companies have become enforcers for Democrats. https://t.co/TyZqWqNxuA,False,"[0, 106]","{'hashtags': [], 'symbols': [], 'user_mentions': [], 'urls': [], 'media': [{'id': 1385017972759072772, 'id_str': '1385017972759072772', 'indices': [107, 130], 'media_url': 'http://pbs.twimg.com/amplify_video_thumb/1385017972759072772/img/kt5o8Vcfc44OkBVv.jpg', 'media_url_https': 'https://pbs.twimg.com/amplify_video_thumb/1385017972759072772/img/kt5o8Vcfc44OkBVv.jpg', 'url': 'https://t.co/TyZqWqNxuA', 'display_url': 'pic.twitter.com/TyZqWqNxuA', 'expanded_url': 'https://twitter.com/tedcruz/status/1385019652733014028/video/1', 'type': 'photo', 'original_info': {'width': 960, 'height': 540}, 'sizes': {'thumb': {'w': 150, 'h': 150, 'resize': 'crop'}, 'medium': {'w': 960, 'h': 540, 'resize': 'fit'}, 'small': {'w': 680, 'h': 383, 'resize': 'fit'}, 'large': {'w': 960, 'h': 540, 'resize': 'fit'}}}]}","{'media': [{'id': 1385017972759072772, 'id_str': '1385017972759072772', 'indices': [107, 130], 'media_url': 'http://pbs.twimg.com/amplify_video_thumb/1385017972759072772/img/kt5o8Vcfc44OkBVv.jpg', 'media_url_https': 'https://pbs.twimg.com/amplify_video_thumb/1385017972759072772/img/kt5o8Vcfc44OkBVv.jpg', 'url': 'https://t.co/TyZqWqNxuA', 'display_url': 'pic.twitter.com/TyZqWqNxuA', 'expanded_url': 'https://twitter.com/tedcruz/status/1385019652733014028/video/1', 'type': 'video', 'original_info': {'width': 960, 'height': 540}, 'sizes': {'thumb': {'w': 150, 'h': 150, 'resize': 'crop'}, 'medium': {'w': 960, 'h': 540, 'resize': 'fit'}, 'small': {'w': 680, 'h': 383, 'resize': 'fit'}, 'large': {'w': 960, 'h': 540, 'resize': 'fit'}}, 'video_info': {'aspect_ratio': [16, 9], 'duration_millis': 116083, 'variants': [{'content_type': 'application/x-mpegURL', 'url': 'https://video.twimg.com/amplify_video/1385017972759072772/pl/LsQGZhr7AvTTMFGh.m3u8?tag=14'}, {'bitrate': 832000, 'content_type': 'video/mp4', 'url': 'https://video.twimg.com/amplify_video/1385017972759072772/vid/640x360/TzakU-QkKZ3JqWDe.mp4?tag=14'}, {'bitrate': 2176000, 'content_type': 'video/mp4', 'url': 'https://video.twimg.com/amplify_video/1385017972759072772/vid/960x540/vx6Rh09WdJTR5xLl.mp4?tag=14'}, {'bitrate': 288000, 'content_type': 'video/mp4', 'url': 'https://video.twimg.com/amplify_video/1385017972759072772/vid/480x270/uHiVPCiOu1He6BIU.mp4?tag=14'}]}, 'media_key': '13_1385017972759072772', 'additional_media_info': {'title': '', 'description': '', 'embeddable': True, 'monetizable': False}}]}","<a href=""https://studio.twitter.com"" rel=""nofollow"">Twitter Media Studio</a>",,,,,,23022687,23022687,,,,,False,1428,7464,1385019652733014028,1385019652733014016,False,False,False,True,en,
2021-04-22 16:36:45+00:00,1385271365930979328,1385271365930979328,"Today's Democrat Party is so radical, they're perfectly happy to pack the Supreme Court and tear down the institutions that protect our Constitution in order to try to ram through their agenda. https://t.co/95htua7sOL",False,"[0, 193]","{'hashtags': [], 'symbols': [], 'user_mentions': [], 'urls': [], 'media': [{'id': 1385260768204136449, 'id_str': '1385260768204136449', 'indices': [194, 217], 'media_url': 'http://pbs.twimg.com/media/Ezlzea9XMAELYxs.jpg', 'media_url_https': 'https://pbs.twimg.com/media/Ezlzea9XMAELYxs.jpg', 'url': 'https://t.co/95htua7sOL', 'display_url': 'pic.twitter.com/95htua7sOL', 'expanded_url': 'https://twitter.com/tedcruz/status/1385271365930979330/video/1', 'type': 'photo', 'original_info': {'width': 1280, 'height': 720}, 'sizes': {'thumb': {'w': 150, 'h': 150, 'resize': 'crop'}, 'medium': {'w': 1200, 'h': 675, 'resize': 'fit'}, 'small': {'w': 680, 'h': 383, 'resize': 'fit'}, 'large': {'w': 1280, 'h': 720, 'resize': 'fit'}}}]}","{'media': [{'id': 1385260768204136449, 'id_str': '1385260768204136449', 'indices': [194, 217], 'media_url': 'http://pbs.twimg.com/media/Ezlzea9XMAELYxs.jpg', 'media_url_https': 'https://pbs.twimg.com/media/Ezlzea9XMAELYxs.jpg', 'url': 'https://t.co/95htua7sOL', 'display_url': 'pic.twitter.com/95htua7sOL', 'expanded_url': 'https://twitter.com/tedcruz/status/1385271365930979330/video/1', 'type': 'video', 'original_info': {'width': 1280, 'height': 720}, 'sizes': {'thumb': {'w': 150, 'h': 150, 'resize': 'crop'}, 'medium': {'w': 1200, 'h': 675, 'resize': 'fit'}, 'small': {'w': 680, 'h': 383, 'resize': 'fit'}, 'large': {'w': 1280, 'h': 720, 'resize': 'fit'}}, 'video_info': {'aspect_ratio': [16, 9], 'duration_millis': 185367, 'variants': [{'bitrate': 288000, 'content_type': 'video/mp4', 'url': 'https://video.twimg.com/amplify_video/1385260768204136449/vid/480x270/AVW77RdSmstC2QCK.mp4?tag=14'}, {'bitrate': 832000, 'content_type': 'video/mp4', 'url': 'https://video.twimg.com/amplify_video/1385260768204136449/vid/640x360/j1W2an9D9ragjuMl.mp4?tag=14'}, {'bitrate': 2176000, 'content_type': 'video/mp4', 'url': 'https://video.twimg.com/amplify_video/1385260768204136449/vid/1280x720/izPi2CvmxUWBZHri.mp4?tag=14'}, {'content_type': 'application/x-mpegURL', 'url': 'https://video.twimg.com/amplify_video/1385260768204136449/pl/ZRVqq_rdgbCVgIsT.m3u8?tag=14'}]}, 'media_key': '13_1385260768204136449', 'additional_media_info': {'title': '', 'description': '', 'embeddable': True, 'monetizable': False}}]}","<a href=""https://studio.twitter.com"" rel=""nofollow"">Twitter Media Studio</a>",,,,,,23022687,23022687,,,,,False,1329,6522,1385271365930979330,1385271365930979328,False,False,False,True,en,
2021-04-25 23:37:39+00:00,1386464451180654592,1386464451180654592,Blue states kill jobs. https://t.co/KfyLpwzuTg,False,"[0, 22]","{'hashtags': [], 'symbols': [], 'user_mentions': [], 'urls': [{'url': 'https://t.co/KfyLpwzuTg', 'expanded_url': 'https://twitter.com/TaxFoundation/status/1385681028342329344', 'display_url': 'twitter.com/TaxFoundation/‚Ä¶', 'indices': [23, 46]}]}","<a href=""http://twitter.com/download/iphone"" rel=""nofollow"">Twitter for iPhone</a>",,,,,,23022687,23022687,,,,,True,1385681028342329344,1385681028342329344,"{'url': 'https://t.co/KfyLpwzuTg', 'expanded': 'https://twitter.com/TaxFoundation/status/1385681028342329344', 'display': 'twitter.com/TaxFoundation/‚Ä¶'}",1703,5800,1386464451180654594,1386464451180654592,False,False,False,True,en,
2021-05-03 20:39:05+00:00,1389318617804771328,1389318617804771328,"The teachers union bosses are running the show at the CDC.

It‚Äôs time for Joe Biden and CDC Director Walensky to stop putting union bosses before our kids.

If the status quo continues, America‚Äôs students will only fall further and further behind.
https://t.co/GUiwJF4KdH",False,"[0, 271]","{'hashtags': [], 'symbols': [], 'user_mentions': [], 'urls': [{'url': 'https://t.co/GUiwJF4KdH', 'expanded_url': 'https://nypost.com/2021/05/01/teachers-union-collaborated-with-cdc-on-school-reopening-emails/', 'display_url': 'nypost.com/2021/05/01/tea‚Ä¶', 'indices': [248, 271]}]}","<a href=""http://twitter.com/download/iphone"" rel=""nofollow"">Twitter for iPhone</a>",,,,,,23022687,23022687,,,,,False,448,1667,1389318617804771330,1389318617804771328,False,False,False,True,en,
